date,ticker,sector,price,volume,volatility
2024-01-31,CBOM,Финансы,6.44,10210633,0.019
2024-01-31,CHMF,Металлургия,1596.21,1504065,0.026
2024-01-31,GAZP,Нефтегаз,165.4,12500000,0.023
2024-01-31,GMKN,Металлургия,14200.0,800000,0.026
2024-01-31,HEAD,IT,4490.08,656907,0.032
2024-01-31,LKOH,Нефтегаз,6780.0,2500000,0.021
2024-01-31,MAGN,Металлургия,46.27,5577459,0.023
2024-01-31,MOEX,Финансы,231.25,5155829,0.018
2024-01-31,NLMK,Металлургия,200.51,4444651,0.03
2024-01-31,OZON,IT,2986.22,1443761,0.034
2024-01-31,PLZL,Металлургия,13557.57,626534,0.021
2024-01-31,POSI,IT,3579.43,552417,0.03
2024-01-31,ROSN,Нефтегаз,574.91,3775186,0.023
2024-01-31,SBER,Финансы,285.6,18000000,0.018
2024-01-31,SNGS,Нефтегаз,22.4,16298624,0.025
2024-01-31,TATN,Нефтегаз,628.43,2701708,0.025
2024-01-31,TCSG,Финансы,3144.98,2037829,0.022
2024-01-31,VKCO,IT,526.32,830856,0.035
2024-01-31,VTBR,Финансы,0.0243,8105170,0.018
2024-01-31,YNDX,IT,4120.0,1200000,0.031
2024-02-29,CBOM,Финансы,6.86,8564614,0.033
2024-02-29,CHMF,Металлургия,1594.83,1381719,0.026
2024-02-29,GAZP,Нефтегаз,170.2,13200000,0.024
2024-02-29,GMKN,Металлургия,14500.0,850000,0.027
2024-02-29,HEAD,IT,5138.22,600639,0.028
2024-02-29,LKOH,Нефтегаз,6890.0,2650000,0.022
2024-02-29,MAGN,Металлургия,45.91,7550804,0.021
2024-02-29,MOEX,Финансы,253.13,4210443,0.022
2024-02-29,NLMK,Металлургия,201.65,5720688,0.023
2024-02-29,OZON,IT,3209.62,1088598,0.033
2024-02-29,PLZL,Металлургия,11609.01,696374,0.026
2024-02-29,POSI,IT,3167.51,558619,0.033
2024-02-29,ROSN,Нефтегаз,545.72,4551598,0.02
2024-02-29,SBER,Финансы,295.3,19200000,0.019
2024-02-29,SNGS,Нефтегаз,21.95,18789575,0.024
2024-02-29,TATN,Нефтегаз,648.93,2955316,0.02
2024-02-29,TCSG,Финансы,3136.72,2000901,0.017
2024-02-29,VKCO,IT,520.74,1033734,0.03
2024-02-29,VTBR,Финансы,0.0246,9679124,0.02
2024-02-29,YNDX,IT,4250.0,1350000,0.033
2024-03-31,CBOM,Финансы,6.33,9486580,0.016
2024-03-31,CHMF,Металлургия,1598.6,1517713,0.03
2024-03-31,GAZP,Нефтегаз,177.18,14896475,0.022
2024-03-31,GMKN,Металлургия,15205.51,1038581,0.025
2024-03-31,HEAD,IT,5376.73,436444,0.031
2024-03-31,LKOH,Нефтегаз,6497.12,2798052,0.023
2024-03-31,MAGN,Металлургия,48.68,6546188,0.026
2024-03-31,MOEX,Финансы,254.67,3407655,0.021
2024-03-31,NLMK,Металлургия,203.99,6073600,0.026
2024-03-31,OZON,IT,2888.85,1904554,0.031
2024-03-31,PLZL,Металлургия,11329.51,585625,0.03
2024-03-31,POSI,IT,3360.33,724953,0.031
2024-03-31,ROSN,Нефтегаз,559.43,4508985,0.02
2024-03-31,SBER,Финансы,297.39,18821208,0.019
2024-03-31,SNGS,Нефтегаз,22.21,12136542,0.022
2024-03-31,TATN,Нефтегаз,659.17,3500300,0.017
2024-03-31,TCSG,Финансы,3126.16,2530741,0.021
2024-03-31,VKCO,IT,484.74,1245278,0.032
2024-03-31,VTBR,Финансы,0.0239,9537740,0.019
2024-03-31,YNDX,IT,4209.27,1306553,0.035
2024-04-30,CBOM,Финансы,6.4,13584685,0.021
2024-04-30,CHMF,Металлургия,1501.67,1363653,0.026
2024-04-30,GAZP,Нефтегаз,178.61,11356431,0.016
2024-04-30,GMKN,Металлургия,15516.78,758390,0.025
2024-04-30,HEAD,IT,6175.24,583396,0.032
2024-04-30,LKOH,Нефтегаз,6550.54,2565990,0.019
2024-04-30,MAGN,Металлургия,49.56,9777586,0.023
2024-04-30,MOEX,Финансы,265.4,3745202,0.021
2024-04-30,NLMK,Металлургия,176.93,6450522,0.028
2024-04-30,OZON,IT,2570.02,895613,0.034
2024-04-30,PLZL,Металлургия,12276.11,888749,0.024
2024-04-30,POSI,IT,3246.48,849783,0.028
2024-04-30,ROSN,Нефтегаз,548.72,4195627,0.023
2024-04-30,SBER,Финансы,283.7,17975185,0.025
2024-04-30,SNGS,Нефтегаз,23.89,14131036,0.018
2024-04-30,TATN,Нефтегаз,677.14,2699913,0.026
2024-04-30,TCSG,Финансы,3161.29,2179229,0.017
2024-04-30,VKCO,IT,506.51,1175764,0.034
2024-04-30,VTBR,Финансы,0.0256,9628536,0.019
2024-04-30,YNDX,IT,4235.84,1284251,0.037
2024-05-31,CBOM,Финансы,6.17,14412479,0.022
2024-05-31,CHMF,Металлургия,1548.55,1479905,0.024
2024-05-31,GAZP,Нефтегаз,186.84,14373628,0.021
2024-05-31,GMKN,Металлургия,14732.4,708264,0.028
2024-05-31,HEAD,IT,6486.89,657062,0.036
2024-05-31,LKOH,Нефтегаз,6808.64,2575087,0.023
2024-05-31,MAGN,Металлургия,45.07,6826882,0.025
2024-05-31,MOEX,Финансы,291.62,4436942,0.022
2024-05-31,NLMK,Металлургия,156.66,5525023,0.029
2024-05-31,OZON,IT,2653.77,1341612,0.031
2024-05-31,PLZL,Металлургия,12330.11,885292,0.025
2024-05-31,POSI,IT,3376.61,793025,0.03
2024-05-31,ROSN,Нефтегаз,523.21,3393403,0.017
2024-05-31,SBER,Финансы,287.83,21718329,0.015
2024-05-31,SNGS,Нефтегаз,22.77,12671249,0.02
2024-05-31,TATN,Нефтегаз,659.88,2756596,0.016
2024-05-31,TCSG,Финансы,3291.64,2211365,0.019
2024-05-31,VKCO,IT,493.66,1000376,0.037
2024-05-31,VTBR,Финансы,0.026,7255279,0.017
2024-05-31,YNDX,IT,4353.14,1220415,0.035
2024-06-30,CBOM,Финансы,6.03,8442185,0.019
2024-06-30,CHMF,Металлургия,1719.06,1935920,0.043
2024-06-30,GAZP,Нефтегаз,191.67,10722846,0.021
2024-06-30,GMKN,Металлургия,14162.86,736571,0.02
2024-06-30,HEAD,IT,7059.08,556276,0.03
2024-06-30,LKOH,Нефтегаз,6349.82,2373895,0.022
2024-06-30,MAGN,Металлургия,45.28,7479549,0.025
2024-06-30,MOEX,Финансы,281.01,3354389,0.015
2024-06-30,NLMK,Металлургия,162.31,5050133,0.028
2024-06-30,OZON,IT,2597.37,1541371,0.033
2024-06-30,PLZL,Металлургия,12627.53,1149750,0.026
2024-06-30,POSI,IT,3521.28,586320,0.033
2024-06-30,ROSN,Нефтегаз,514.73,5349168,0.022
2024-06-30,SBER,Финансы,265.36,17227556,0.017
2024-06-30,SNGS,Нефтегаз,22.82,14753745,0.023
2024-06-30,TATN,Нефтегаз,669.54,3575667,0.042
2024-06-30,TCSG,Финансы,3269.75,1339507,0.02
2024-06-30,VKCO,IT,465.76,1063901,0.029
2024-06-30,VTBR,Финансы,0.0267,6733007,0.022
2024-06-30,YNDX,IT,3867.74,831488,0.033
2024-07-31,CBOM,Финансы,6.24,14729778,0.017
2024-07-31,CHMF,Металлургия,1614.77,1490750,0.026
2024-07-31,GAZP,Нефтегаз,200.86,12479870,0.022
2024-07-31,GMKN,Металлургия,13256.23,809663,0.029
2024-07-31,HEAD,IT,6678.35,545372,0.028
2024-07-31,LKOH,Нефтегаз,6289.6,3241294,0.02
2024-07-31,MAGN,Металлургия,42.87,8905115,0.029
2024-07-31,MOEX,Финансы,271.66,3263357,0.023
2024-07-31,NLMK,Металлургия,160.09,4336779,0.024
2024-07-31,OZON,IT,2666.99,1688839,0.032
2024-07-31,PLZL,Металлургия,13467.16,619472,0.028
2024-07-31,POSI,IT,3645.02,608257,0.033
2024-07-31,ROSN,Нефтегаз,494.51,4018788,0.02
2024-07-31,SBER,Финансы,289.22,16019782,0.016
2024-07-31,SNGS,Нефтегаз,22.99,16957507,0.022
2024-07-31,TATN,Нефтегаз,657.99,3007196,0.018
2024-07-31,TCSG,Финансы,3296.99,2483473,0.023
2024-07-31,VKCO,IT,440.2,1302166,0.033
2024-07-31,VTBR,Финансы,0.0253,8422434,0.021
2024-07-31,YNDX,IT,4923.6,1764162,0.055
2024-08-31,CBOM,Финансы,6.04,11654555,0.016
2024-08-31,CHMF,Металлургия,1731.87,1377481,0.027
2024-08-31,GAZP,Нефтегаз,213.37,12112234,0.021
2024-08-31,GMKN,Металлургия,12510.88,903371,0.029
2024-08-31,HEAD,IT,5944.76,653321,0.032
2024-08-31,LKOH,Нефтегаз,5866.97,2313345,0.019
2024-08-31,MAGN,Металлургия,43.21,7554844,0.022
2024-08-31,MOEX,Финансы,264.61,4022157,0.019
2024-08-31,NLMK,Металлургия,173.85,4678272,0.031
2024-08-31,OZON,IT,2990.84,1242431,0.03
2024-08-31,PLZL,Металлургия,13523.21,676762,0.025
2024-08-31,POSI,IT,3710.36,610886,0.029
2024-08-31,ROSN,Нефтегаз,514.15,3019726,0.019
2024-08-31,SBER,Финансы,271.17,13582285,0.017
2024-08-31,SNGS,Нефтегаз,22.37,11561266,0.016
2024-08-31,TATN,Нефтегаз,698.36,2935528,0.025
2024-08-31,TCSG,Финансы,3131.17,1594984,0.015
2024-08-31,VKCO,IT,478.99,1619647,0.076
2024-08-31,VTBR,Финансы,0.0251,8880616,0.02
2024-08-31,YNDX,IT,4797.7,1118394,0.03
2024-09-30,CBOM,Финансы,6.3,9839190,0.019
2024-09-30,CHMF,Металлургия,1756.32,1316811,0.023
2024-09-30,GAZP,Нефтегаз,219.27,13236021,0.02
2024-09-30,GMKN,Металлургия,12529.72,903684,0.025
2024-09-30,HEAD,IT,6291.71,623595,0.031
2024-09-30,LKOH,Нефтегаз,6092.27,2893157,0.021
2024-09-30,MAGN,Металлургия,49.86,7929812,0.03
2024-09-30,MOEX,Финансы,236.53,4107823,0.022
2024-09-30,NLMK,Металлургия,179.22,6751380,0.028
2024-09-30,OZON,IT,2956.99,1897237,0.03
2024-09-30,PLZL,Металлургия,13901.25,458792,0.026
2024-09-30,POSI,IT,3722.58,756353,0.036
2024-09-30,ROSN,Нефтегаз,500.28,3265727,0.022
2024-09-30,SBER,Финансы,255.72,26143514,0.024
2024-09-30,SNGS,Нефтегаз,23.34,11608486,0.019
2024-09-30,TATN,Нефтегаз,832.36,3011626,0.036
2024-09-30,TCSG,Финансы,3180.6,1486387,0.02
2024-09-30,VKCO,IT,430.04,1324356,0.051
2024-09-30,VTBR,Финансы,0.0268,5641706,0.018
2024-09-30,YNDX,IT,4683.92,1458664,0.032
2024-10-31,CBOM,Финансы,6.15,11754516,0.018
2024-10-31,CHMF,Металлургия,1711.35,1235977,0.025
2024-10-31,GAZP,Нефтегаз,244.97,11714514,0.022
2024-10-31,GMKN,Металлургия,11012.56,707323,0.046
2024-10-31,HEAD,IT,6677.21,629883,0.03
2024-10-31,LKOH,Нефтегаз,6356.81,2398590,0.02
2024-10-31,MAGN,Металлургия,47.25,6811314,0.023
2024-10-31,MOEX,Финансы,254.71,2624942,0.019
2024-10-31,NLMK,Металлургия,186.96,5707360,0.028
2024-10-31,OZON,IT,2989.1,1557521,0.031
2024-10-31,PLZL,Металлургия,12711.91,651833,0.028
2024-10-31,POSI,IT,3510.59,1095063,0.057
2024-10-31,ROSN,Нефтегаз,507.39,4222639,0.021
2024-10-31,SBER,Финансы,250.66,20286448,0.026
2024-10-31,SNGS,Нефтегаз,23.97,13756512,0.021
2024-10-31,TATN,Нефтегаз,876.7,3378605,0.023
2024-10-31,TCSG,Финансы,3146.58,1970606,0.013
2024-10-31,VKCO,IT,467.26,1020977,0.028
2024-10-31,VTBR,Финансы,0.0272,8377444,0.018
2024-10-31,YNDX,IT,5581.06,1220959,0.029
2024-11-30,CBOM,Финансы,6.27,13899174,0.019
2024-11-30,CHMF,Металлургия,1740.86,1479757,0.027
2024-11-30,GAZP,Нефтегаз,252.64,15160582,0.02
2024-11-30,GMKN,Металлургия,10340.87,797127,0.028
2024-11-30,HEAD,IT,6907.7,610656,0.038
2024-11-30,LKOH,Нефтегаз,6142.13,2665164,0.018
2024-11-30,MAGN,Металлургия,45.56,9632233,0.027
2024-11-30,MOEX,Финансы,239.81,4898112,0.018
2024-11-30,NLMK,Металлургия,167.83,7831240,0.037
2024-11-30,OZON,IT,2768.06,1427633,0.036
2024-11-30,PLZL,Металлургия,13391.81,511353,0.026
2024-11-30,POSI,IT,3919.75,1084796,0.029
2024-11-30,ROSN,Нефтегаз,479.63,4478954,0.025
2024-11-30,SBER,Финансы,248.04,21431600,0.023
2024-11-30,SNGS,Нефтегаз,24.64,18958045,0.02
2024-11-30,TATN,Нефтегаз,852.47,3348666,0.021
2024-11-30,TCSG,Финансы,3057.77,1975410,0.021
2024-11-30,VKCO,IT,428.74,1050954,0.033
2024-11-30,VTBR,Финансы,0.0289,6592911,0.015
2024-11-30,YNDX,IT,5855.65,1222337,0.036
2024-12-31,CBOM,Финансы,6.57,10292049,0.018
2024-12-31,CHMF,Металлургия,1883.71,1110165,0.023
2024-12-31,GAZP,Нефтегаз,243.64,14021002,0.021
2024-12-31,GMKN,Металлургия,9384.82,693015,0.029
2024-12-31,HEAD,IT,7623.45,555254,0.034
2024-12-31,LKOH,Нефтегаз,6031.93,2579708,0.021
2024-12-31,MAGN,Металлургия,42.83,9005955,0.029
2024-12-31,MOEX,Финансы,234.33,4431976,0.02
2024-12-31,NLMK,Металлургия,171.1,6996424,0.03
2024-12-31,OZON,IT,2908.56,1373734,0.033
2024-12-31,PLZL,Металлургия,13387.73,677919,0.025
2024-12-31,POSI,IT,3839.97,659482,0.031
2024-12-31,ROSN,Нефтегаз,501.21,4498397,0.022
2024-12-31,SBER,Финансы,247.24,14176502,0.02
2024-12-31,SNGS,Нефтегаз,24.46,15620896,0.021
2024-12-31,TATN,Нефтегаз,806.69,3168848,0.02
2024-12-31,TCSG,Финансы,3145.34,1699298,0.021
2024-12-31,VKCO,IT,491.16,871165,0.029
2024-12-31,VTBR,Финансы,0.0289,7575954,0.021
2024-12-31,YNDX,IT,6049.16,1025968,0.032
